locationID,carrier_ct
ATL,43358.11000000001
LAX,33847.04000000002
ORD,32224.65999999997
DFW,30180.44999999999
DEN,29436.039999999994
SFO,23534.850000000013
MCO,23469.930000000004
PHX,23457.78
LAS,22475.01000000001
CLT,18966.49999999999
